customer_text,suggested_intent,difficulty,ground_truth_intent,ground_truth_escalate,escalation_reason,good_reply_checklist
have provided all the details in the link sent. Lets see what action is taken now.,order_modification,hard,,,,
Hola... acordamos la entega dia de ayer pero nadie se ha reportado,community_follow_up,clear,,,,
I'm not getting any emails or updates from Amazon support. Useless service. After repeated follow ups gets single reply to wait,product_inquiry,hard,,,,
"yo , how can I get my echo to answer to the name Janet?",product_inquiry,clear,,,,
Done. I am awaiting for my refund.......,account_access,ambiguous,,,,
Perfect thank you!,delivery_issue,clear,,,,
Ohhh come on...don't be a freak...who has kept u on the job? You are not committing a time when u would take an action? Also confirm whether you will be calling me up by today end of the day? Only if u have questions to these answers you reply...,delivery_issue,clear,,,,
hi I have an echo plus and cannot use the £3.99 echo only music option. Can you tell me how? Only gives option for £9.99version,escalate_to_human,clear,,,,
Je ne vois vraiment pas l'intérêt d'avoir prime... (article en stock et expédié par Amazon),billing_dispute,clear,,,,
U need to ur mails first.. Are they of any use???,escalate_to_human,hard,,,,
C'est fait merci. Je sais que je peux compter sur Amazon pour régler les problèmes en SAV mais je commence en avoir marre de cumuler les problèmes de livraisons tous transporteurs confondus.,return_request,ambiguous,,,,
"Hi, yep left the feedback now. Thanks! 👌🤟🤟",order_modification,hard,,,,
My package still doesn’t have a tracking number I ordered last week...and no updated email just says not shipped ...,return_request,ambiguous,,,,
Today is my bad experience with your deliveryboy who is use abusive languagesas maadar chod bahan chod he crying out my order,escalate_to_human,clear,,,,
Vendido y enviado por Amazon.,billing_dispute,clear,,,,
"A bulb. Great use of packaging there, . Shame the bulb still rattled around inside it.",account_access,hard,,,,
Ok..Fine but you should have to solve my problem,community_follow_up,clear,,,,
"You should really be careful when you outsource deliveries I just had a box delivered, left on porch (at least the doorbell was rung), yet the order states package was handed directly to resident. NOT TRUE. Please use UPS and not someone driving a regular car....",delivery_issue,clear,,,,
"Thanks but I have tried that every day since Sunday. ""Still investigating"" - you should send a replacement and investigate afterwards",delivery_issue,ambiguous,,,,
ねぇこういうのマジで頭悪いと思うんだよね。じゃあ具体的にどんなサイトにいつどの端末から登録したのか訊けば答えられるんかね。そのサイトのアクセスログに俺のIPアドレスは載ってるんかね。そもそもAmazonは「有料動画サイト」とかやってねぇよバカか。,order_modification,clear,,,,
My money is on getting here before even though has a 17 hour head start. #StillWaiting,billing_dispute,hard,,,,
no email received...wic email you sent it on,product_inquiry,clear,,,,
I am waiting to your mail.,product_inquiry,hard,,,,
"The account specialist did have a look - as long as I don't provide the details is stays locked. I will NOT provide the details, so you can keep the account and have fun with it! All I want is my giftcard money back which I'm entitled too as nothing will be ordered (ever again!)",delivery_issue,clear,,,,
see the fraud by your delivery team. I have not even received the product and it shows product has been delivered and signed by me... big FRAUD,delivery_issue,clear,,,,
仕事中にSMSでAmazonの登録料金未払いとかいうのが来たが、架空請求なんだね 初めて詐欺メール届いたわ,billing_dispute,clear,,,,
"Oh yessss la petite livraison qui fait grave plaisir !! C'est mon jour de repos et je vais pouvoir me lancer dans la découverte d'Alrest, Merci 😄 #XenobladeChronicles2",escalate_to_human,ambiguous,,,,
Can someone please call me. I have responded to multiple emails and surveys now without my question being addressed. This is very annoying.,general_complaint,clear,,,,
Would be great if we could talk about it. I'd like to get the missing part. Or else I may have to buy the whole thing again.,delivery_issue,ambiguous,,,,
questa recensione e esattamente come deve essere o qualcuno non capisce inglese!,order_modification,clear,,,,
No on the card. It works only half the time. Yes on USPS. They say my delivery person won’t deliver anything over 30 lbs. just sends it back,billing_dispute,ambiguous,,,,
Customer care is not capable of solving issues regarding refund and return. Need to speak to senior manager who can solve the prob,scam_report,clear,,,,
9762642673 call on this number n tell him to deliver,account_access,clear,,,,
thanks for 5180770843835. Will never forget this... will buy my next product from a roadside vendor but #amazon ever...go to hell,scam_report,clear,,,,
"A de account, search under my name and you will find them - again, all I want is to cancel the order, get my giftcard amount back asap.",product_inquiry,clear,,,,
does the version of Reputation that you sell definitely come with the poster?,delivery_issue,clear,,,,
Why the hell your expected delivery time and actual delivery time vary so much? It was showing delivery by 2nd dec and im getting call to collect it today only,community_follow_up,clear,,,,
How can I get free Headphones ?,product_inquiry,clear,,,,
"Order no 408-9297978-3842763"". Men's Polo (8907036565225_USTS1840_M_Apricot)"".#refund not recd..been 2 weeks",delivery_issue,hard,,,,
Kindleがダウンロードできないぞーーーー,account_access,ambiguous,,,,
Can you let me know what the issue is? Do you need any info?,general_complaint,ambiguous,,,,
I have had an order frozen for a month. Spoken to reps 5x and it still isn't fixed. Why can't you fix the order?,delivery_issue,clear,,,,
Order no - 403-7559101-5645129 Return reference - 710398288491 Article name - puma shoes,community_follow_up,ambiguous,,,,
I'm not getting any emails or updates from Amazon support. Useless service. After repeated follow ups gets single reply to wait,product_inquiry,clear,,,,
I have shared details already but no one contact me..,community_follow_up,clear,,,,
"Hi, can't access chat as I'm locked out of my account and phone is too expensive since I'm outside the US &amp; I'm sure it's not toll free.",order_modification,ambiguous,,,,
I started the return 3 months ago. The package was too large to take to UPS. Seller arranged by THEM for pick up. They gave me a label...,billing_dispute,clear,,,,
Please help Your team is not providing support and information properly. They are just ingnoring my request. I need access.,community_follow_up,ambiguous,,,,
Que hueva tendré que veré vaselina por Amazon prime video. Obvio me pasan una lana por promocionar prime video,account_access,clear,,,,
Order no - 403-7559101-5645129 Return reference - 710398288491 Article name - puma shoes,community_follow_up,clear,,,,
Maybe when you guys do the marketing gimmicks you should put these stuff up. So I buy something and it doesn't even reach me. Wow!,delivery_issue,clear,,,,
連絡してみました〜気前がいいですね( ﾟ∀ﾟ︎ ),account_access,clear,,,,
No not @ all! I was hung up on x2 by CS &amp; was not told why/how they tried 2 deliver. Bad service &amp; Amazon basically washed there hands of me,return_request,clear,,,,
"I have a Scorpio pre-ordered on Amazon, but it says it needs more time for a “delivery estimate”. Getting worried....",account_access,clear,,,,
For the third time. I HAVE NO RECENT E-MAIL FROM YOUR SOCIAL MEDIA TEAM.,order_modification,clear,,,,
I ordered the items on preorder a year and a half ago. I can't view the order so I have no idea what's going on and amazon doesn't either,delivery_issue,hard,,,,
Finally got it Thank you for fastest delivery :'),return_request,clear,,,,
Yes you have missed the deadline which was set at the time of purchase. After missing that deadline you have given me a new deadline now,order_modification,hard,,,,
thanks for 5180770843835. Will never forget this... will buy my next product from a roadside vendor but #amazon ever...go to hell,scam_report,clear,,,,
My issue was handle and refund granted through your AZGuarantee but no mention of what I'm suppose to do with the coat. Will a tag be sent so that I can return it or do I just keep it? Thanks,general_complaint,clear,,,,
"Already handled, just venting. It was a pretty big bummer.",escalate_to_human,clear,,,,
hallo ich hätte eine Frage kann man Prime auch mit einem Gutschein bezahlen?,general_complaint,clear,,,,
C’est quoi ce favoritisme à 2 balles là ? Dc si je veux le film je dois prendre un abonnement à Amazon Prime pr 49€ environ ??,order_modification,hard,,,,
"Bonjour, il faudrait aussi mettre le livre en ""Football"" plutôt que ""Hockey"". La première requête a été exhaussée mais pas celle-ci. Merci.",escalate_to_human,clear,,,,
"1st I called,amazon Call center dey said u will receive cheque.2nd time I called they said money will be credited soon.3rd time call to bank",order_modification,clear,,,,
"Thanks for your ""Same Day Delivery""!! It's not like I was hoping to get my order on my day off or anything. #AMZLFail",order_modification,clear,,,,
Customer care is not capable of solving issues regarding refund and return. Need to speak to senior manager who can solve the prob,scam_report,ambiguous,,,,
"I am a amazon prime user, I don’t see great offers nor I see any difference between prime and non prime, what’s the point then ?",product_inquiry,hard,,,,
Because of Amazon I purchased a product which blasted on day one...n u people asking me to keep cool...where is Surya flames #suryaflam1,escalate_to_human,ambiguous,,,,
What was the point of PRE-ORDERING the book if I can't get it on release day? D:&lt;,order_modification,clear,,,,
Are you blind . I have already given order details in my tweet to which you have replied..,escalate_to_human,clear,,,,
分かりました。ご丁寧にどうもありがとうございます。,scam_report,clear,,,,
To whom I have to write back mention the id I will write what you want,order_modification,ambiguous,,,,
consider leaving the delivery of packages to the experts at or . Obvious decline in service when it’s logistics.,delivery_issue,ambiguous,,,,
amazonuk took money without any they are not giving it back nor giving clear statement of my refund proces,scam_report,clear,,,,
My drying rack was broken when I opened the box. What should I do ?,order_modification,clear,,,,
help. I’m asking for 2 tickets,order_modification,clear,,,,
you pay for prime expecting next day delivery. Then receive 2 emails half hr apart 'failed delivery' but your sitting at home 😡,return_request,hard,,,,
if I cancel an order do I get a refund? It hasn't been dispatched yet does that mean you haven't taken any money yet?,delivery_issue,ambiguous,,,,
I’ve found a parcel at my door that’s not mine.Googled address and it’s not recognised. How do I return it ?,delivery_issue,ambiguous,,,,
9762642673 call on this number n tell him to deliver,account_access,clear,,,,
Et pourquoi il est réservé exclusivement aux membres Prime pendant un petit moment ?,general_complaint,hard,,,,
Where do I send it to?,community_follow_up,clear,,,,
No tengo herramienta para mandar un fax,account_access,clear,,,,
Please help Your team is not providing support and information properly. They are just ingnoring my request. I need access.,community_follow_up,ambiguous,,,,
Please do necessary action against courier services,scam_report,clear,,,,
I’ve had a fraud on my account. The guy on Saturday said it would all be sorted &amp; the money back in my account. Still no money &amp; all that keeps happening from my calls / emails is my account password being blocked?,product_inquiry,clear,,,,
Wrong item delivered yet charged for it,return_request,clear,,,,
call me on my registered number.,return_request,clear,,,,
I have shared details already but no one contact me..,community_follow_up,clear,,,,
Actually I have submitted the form. I could fill in the form. Please do see and let me know.,order_modification,clear,,,,
"I am a amazon prime user, I don’t see great offers nor I see any difference between prime and non prime, what’s the point then ?",product_inquiry,clear,,,,
what happens if you buy a digital copy of a game on amazon?,billing_dispute,clear,,,,
分かりました。ご丁寧にどうもありがとうございます。,scam_report,clear,,,,
Kindly support direct cast option on Prime Video ! I am unable to cast #PrimeVideos on without lag 😐,general_complaint,clear,,,,
